{"cameraMode":{"drawMode":0,"name":"Shaded","section":"Shading Mode"},"sceneLighting":true,"audioPlay":false,"sceneViewState":{"showFog":true,"showMaterialUpdate":false,"showSkybox":true,"showFlares":true,"showImageEffects":true,"showParticleSystems":true},"in2DMode":false,"pivot":{"x":1.0965023040771485,"y":5.864129543304443,"z":-23.762619018554689},"rotation":{"x":0.1161697655916214,"y":0.15576156973838807,"z":-0.018448347225785257,"w":0.9807685613632202},"size":40.48868179321289,"orthographic":true}