{"cameraMode":{"drawMode":0,"name":"Shaded","section":"Shading Mode"},"sceneLighting":true,"audioPlay":false,"sceneViewState":{"showFog":true,"showMaterialUpdate":false,"showSkybox":true,"showFlares":true,"showImageEffects":true,"showParticleSystems":true},"in2DMode":false,"pivot":{"x":1.0965023040771485,"y":5.864129543304443,"z":-23.762619018554689},"rotation":{"x":-0.004940352868288755,"y":0.24933840334415437,"z":0.0012750609312206507,"w":0.968406081199646},"size":34.445030212402347,"orthographic":true}