{"cameraMode":{"drawMode":0,"name":"Shaded","section":"Shading Mode"},"sceneLighting":true,"audioPlay":false,"sceneViewState":{"showFog":true,"showMaterialUpdate":false,"showSkybox":true,"showFlares":true,"showImageEffects":true,"showParticleSystems":true},"in2DMode":false,"pivot":{"x":0.008571624755859375,"y":-0.0000152587890625,"z":-10.000003814697266},"rotation":{"x":0.04722772166132927,"y":0.6295680403709412,"z":-0.038386378437280658,"w":0.774562418460846},"size":21.450864791870118,"orthographic":true}